{"order":[{"id":"1635771707167","product":[{"id":"1635771707167","count":1,"product":{"name":"紫薯豌豆派+香酥鸡腿1份","id":5,"pid":"pcl001","type":"Package","Price":9.9,"Market_price":16,"quantity":1,"desc":["香酥鸡腿1份","紫薯豌豆派"],"notice":["贵州区域紫薯豌豆派替换为同等价格的香芋地瓜丸"],"largeImg":"https://p0.meituan.net//deal/2381293a85755b4529f0bd18251ac06720899.jpg@220w_129h_1e_1c","smallImg":"https://p0.meituan.net//deal/2381293a85755b4529f0bd18251ac06720899.jpg@150w_150h_1e_1c","count":1},"carId":"b8380570-4395-11ec-8e6c-935f25c7c45c","created_at":"2021/11/12 16:51:26"}],"allPrice":9.9,"address":"河北省/唐山市/路南区博罗龙溪","orderId":"bad2d490-4395-11ec-a4c6-91203f625a91","orderNo":163670709052100,"stutas":1,"created_at":"2021/11/12 16:51:30"},{"id":"1635771707167","product":[{"id":"1635771707167","count":1,"product":{"name":"大饼卷黑椒牛肉+薯条+黑椒鸡块+中可1份","id":3,"pid":"Bpff001","type":"Package","Price":18.5,"Market_price":36,"quantity":1,"desc":["大饼卷黑椒牛肉","薯条","黑椒鸡块","中可"],"notice":["薯条分量以门店实际为准"],"largeImg":"https://p0.meituan.net//deal/378b72c99c1bb2e7b2198e839209656b29896.jpg@220w_129h_1e_1c","smallImg":"https://p0.meituan.net//deal/378b72c99c1bb2e7b2198e839209656b29896.jpg@150w_150h_1e_1c","count":1},"carId":"8a99a310-4397-11ec-a93f-19e10c664069","created_at":"2021/11/12 17:04:28"}],"allPrice":"18.5","address":"河北省/唐山市/路南区博罗龙溪","orderId":"90e32250-4397-11ec-be1d-b95f932c0593","orderNo":163670787915700,"stutas":1,"created_at":"2021/11/12 17:04:39"},{"id":"1635771707167","product":[{"id":"1635771707167","count":3,"product":{"name":"紫薯豌豆派+香酥鸡腿1份","id":5,"pid":"pcl001","type":"Package","Price":9.9,"Market_price":16,"quantity":1,"desc":["香酥鸡腿1份","紫薯豌豆派"],"notice":["贵州区域紫薯豌豆派替换为同等价格的香芋地瓜丸"],"largeImg":"https://p0.meituan.net//deal/2381293a85755b4529f0bd18251ac06720899.jpg@220w_129h_1e_1c","smallImg":"https://p0.meituan.net//deal/2381293a85755b4529f0bd18251ac06720899.jpg@150w_150h_1e_1c","count":3},"carId":"dc6f7af0-439e-11ec-a06f-555bac976fb8","created_at":"2021/11/12 17:56:52"}],"allPrice":29.7,"address":"北京市北京市东城区2dadsa","orderId":"e1b93d70-439e-11ec-bff8-75e57b505087","orderNo":163671102125500,"stutas":0,"created_at":"2021/11/12 17:57:01"}],"code":800,"total":3}